"File","Folder","Length","Status","Path"
"index.md","docs","1893","Corrupted","C:\Users\Oron\oron-it-docs\docs\index.md"
"index.md","aad-broker-troubleshooting","2434","Corrupted","C:\Users\Oron\oron-it-docs\docs\aad-broker-troubleshooting\index.md"
"index.md","about","1338","OK","C:\Users\Oron\oron-it-docs\docs\about\index.md"
"index.md","BgInfo-Guide","2874","OK","C:\Users\Oron\oron-it-docs\docs\BgInfo-Guide\index.md"
"index.md","Enable_Online_Archive_365","3875","Corrupted","C:\Users\Oron\oron-it-docs\docs\Enable_Online_Archive_365\index.md"
"index.md","esxi8-install-guide","3224","OK","C:\Users\Oron\oron-it-docs\docs\esxi8-install-guide\index.md"
"index.md","exchange365-mailbox-commands","4164","Corrupted","C:\Users\Oron\oron-it-docs\docs\exchange365-mailbox-commands\index.md"
"index.md","it-scripts","4154","Corrupted","C:\Users\Oron\oron-it-docs\docs\it-scripts\index.md"
"index.md","linux-explained","1393","OK","C:\Users\Oron\oron-it-docs\docs\linux-explained\index.md"
"index.md","linux-permissions-guide","2464","Corrupted","C:\Users\Oron\oron-it-docs\docs\linux-permissions-guide\index.md"
"index.md","nano-guide","772","OK","C:\Users\Oron\oron-it-docs\docs\nano-guide\index.md"
"index.md","NK2_to_Outlook_Contacts","6103","Corrupted","C:\Users\Oron\oron-it-docs\docs\NK2_to_Outlook_Contacts\index.md"
"index.md","Outlook-Performance-Diagnostics","2044","OK","C:\Users\Oron\oron-it-docs\docs\Outlook-Performance-Diagnostics\index.md"
"index.md","portable-tools","2634","Corrupted","C:\Users\Oron\oron-it-docs\docs\portable-tools\index.md"
"index.md","proxy-forward-explained","1396","Corrupted","C:\Users\Oron\oron-it-docs\docs\proxy-forward-explained\index.md"
"index.md","proxy-forward-install","1531","Corrupted","C:\Users\Oron\oron-it-docs\docs\proxy-forward-install\index.md"
"index.md","Set-Traverse-Permissions","3336","OK","C:\Users\Oron\oron-it-docs\docs\Set-Traverse-Permissions\index.md"
"index.md","squid-explained","2215","OK","C:\Users\Oron\oron-it-docs\docs\squid-explained\index.md"
"index.md","squid-reverse-proxy","1522","OK","C:\Users\Oron\oron-it-docs\docs\squid-reverse-proxy\index.md"
"index.md","sysinternals-tools","2624","Corrupted","C:\Users\Oron\oron-it-docs\docs\sysinternals-tools\index.md"
"index.md","ubuntu-explained","957","Corrupted","C:\Users\Oron\oron-it-docs\docs\ubuntu-explained\index.md"
"index.md","ubuntu-install","5078","Corrupted","C:\Users\Oron\oron-it-docs\docs\ubuntu-install\index.md"
"index.md","vim-guide","1001","OK","C:\Users\Oron\oron-it-docs\docs\vim-guide\index.md"
"index.md","vitalpbx-install-guide","3295","OK","C:\Users\Oron\oron-it-docs\docs\vitalpbx-install-guide\index.md"
"index.md","vmware-esxi-8-create-vm","2722","Corrupted","C:\Users\Oron\oron-it-docs\docs\vmware-esxi-8-create-vm\index.md"
"index.md","vmware-explained","1777","Corrupted","C:\Users\Oron\oron-it-docs\docs\vmware-explained\index.md"
"index.md","vmware-install","1862","Corrupted","C:\Users\Oron\oron-it-docs\docs\vmware-install\index.md"
"index.md","web-server-explained","1849","OK","C:\Users\Oron\oron-it-docs\docs\web-server-explained\index.md"
"index.md","web-server-ubuntu","1432","OK","C:\Users\Oron\oron-it-docs\docs\web-server-ubuntu\index.md"
"index.md","windows-firewall-guide","3370","Corrupted","C:\Users\Oron\oron-it-docs\docs\windows-firewall-guide\index.md"
"index.md","windows-maintenance","3584","OK","C:\Users\Oron\oron-it-docs\docs\windows-maintenance\index.md"
"index.md","wireshark-guide","2376","Corrupted","C:\Users\Oron\oron-it-docs\docs\wireshark-guide\index.md"
"index.md","WPA_Boot_Analysis_Guide","4355","OK","C:\Users\Oron\oron-it-docs\docs\WPA_Boot_Analysis_Guide\index.md"
